id,name,email,bio,skills
1,John Doe,johndoe@example.com,"John is a passionate junior developer with a strong background in front-end technologies. He recently completed a web development bootcamp, where he built multiple responsive websites using React, CSS, and HTML. John is eager to apply his skills in a real-world setting and grow as a developer. He is highly detail-oriented and a fast learner.","React, CSS, HTML, Git"
2,Sarah Lee,sarahlee@example.com,"Sarah is a self-taught developer who has been building personal projects for the past year. Her portfolio includes a fully responsive personal blog and a task manager app, both built using React and Next.js. She enjoys the challenge of problem-solving and is constantly expanding her skill set through online courses. Sarah thrives in collaborative environments and is excited to contribute to team projects.","React, Next.js, JavaScript, CSS, HTML"
3,Michael Young,michaelyoung@example.com,"Michael recently graduated from a coding bootcamp and is skilled in web development, particularly in React-based applications. During his bootcamp, he worked on a capstone project where he developed a social media dashboard using React, JavaScript, and Git for version control. Michael is passionate about technology and is looking for an opportunity to apply his skills in a dynamic team environment.","React, JavaScript, CSS, Git"
4,Linda Smith,lindasmith@example.com,"Linda is an experienced full-stack developer with a focus on front-end technologies. She has over three years of experience working with React and Next.js. Recently, she has been exploring AI integrations, using the Vercel AI SDK and CrewAI to enhance user experiences in web applications. Linda excels at creating seamless, user-friendly interfaces and optimizing performance.","React, Next.js, JavaScript, Vercel AI SDK, CrewAI, REST APIs"
5,Tom Brown,tombrown@example.com,"Tom is a mid-level developer with hands-on experience working on commercial projects using React and Next.js. He has built several customer-facing websites and eCommerce platforms, focusing on performance optimization and SEO. He is proficient in REST APIs and enjoys building scalable web solutions that improve user engagement.","React, Next.js, CSS, HTML, Git, REST APIs"
6,Kate Adams,kateadams@example.com,"Kate is an AI enthusiast with a solid background in front-end development and experience using the Vercel AI SDK and CrewAI. She has contributed to projects that leverage AI to improve user interaction and personalization. Kate is passionate about staying at the cutting edge of technology and is excited to work on projects that push the boundaries of what's possible.","React, Next.js, Vercel AI SDK, CrewAI, JavaScript, Git"
7,Robert Johnson,robertjohnson@example.com,"Robert is a highly skilled front-end developer with a deep knowledge of React and AI-powered applications. He has worked on multiple projects that integrate AI to provide enhanced user experiences, including a recommendation engine built using the Vercel AI SDK. Robert is known for his attention to detail and ability to produce high-quality, maintainable code.","React, Next.js, JavaScript, Vercel AI SDK, CrewAI, CSS, Git, REST APIs"
8,Emily Davis,emilydavis@example.com,"Emily is a beginner developer with a passion for learning and growing within the web development space. She has been building her foundation in HTML, CSS, and JavaScript by working on personal projects and completing online tutorials. Emily is looking for an opportunity to work on real-world projects and contribute to a team while continuing to develop her technical skills.","HTML, CSS, JavaScript"
9,James Wilson,jameswilson@example.com,"James is an intermediate developer with experience working primarily with React. He is eager to explore AI-driven projects and has recently started experimenting with Next.js and the Vercel AI SDK. James enjoys learning new technologies and applying them to solve real-world problems. He is looking for a role that will allow him to grow his skills and work on innovative projects.","React, JavaScript, Next.js, Git"
10,Amy White,amywhite@example.com,"Amy is a senior developer with extensive experience in full-stack development and AI integrations. She has led multiple projects, working with AI-powered tools such as CrewAI and the Vercel AI SDK to create dynamic, personalized web applications. Amy is passionate about mentoring junior developers and has a proven track record of delivering high-quality products.","React, Next.js, JavaScript, Vercel AI SDK, CrewAI, REST APIs, Git"
11,Jessica Brown,jessicabrown@example.com,"Jessica is a motivated junior developer with a strong foundation in React and Next.js. She has recently completed an internship where she worked on a team to build a responsive web application for a local business. Jessica is eager to continue building her skills and gain more experience in AI technologies.","React, Next.js, JavaScript, CSS"
12,Daniel Martinez,danielmartinez@example.com,"Daniel is a front-end developer with several years of experience working with React. He has recently started integrating AI-driven features into his projects using the Vercel AI SDK and CrewAI. Daniel enjoys working on projects that challenge him to think outside the box and is always looking for ways to improve the user experience.","React, Next.js, Vercel AI SDK, CrewAI, JavaScript, Git"
13,Olivia Clark,oliviaclark@example.com,"Olivia is a self-starter with a passion for web development. She has built several personal projects using React, focusing on improving her problem-solving skills. Olivia has a basic understanding of AI integrations and is eager to apply what she's learned in a professional setting.","React, JavaScript, CSS, HTML, Git"
14,Matthew Evans,matthewevans@example.com,"Matthew is an experienced developer with expertise in full-stack development. He has worked on several AI-driven front-end applications, integrating advanced technologies such as the Vercel AI SDK and CrewAI. Matthew is passionate about creating user-friendly, high-performance web applications and enjoys tackling complex technical challenges.","React, Next.js, JavaScript, Vercel AI SDK, CrewAI, Git, REST APIs"
15,Sophia Baker,sophiabaker@example.com,"Sophia is an entry-level developer who has recently started learning React and building personal projects. She is excited to continue growing her skills and has a particular interest in AI-powered web applications. Sophia is eager to learn from more experienced developers and contribute to a collaborative team.","React, CSS, HTML, Git"
16,Joshua Harris,joshuaharris@example.com,"Joshua is a mid-level developer specializing in React and Next.js. He has experience building scalable web applications for eCommerce platforms and is familiar with REST APIs. Joshua is always looking for new ways to improve his code and enjoys working in a fast-paced, dynamic environment.","React, Next.js, JavaScript, REST APIs, Git"
17,Chloe Turner,chloeturner@example.com,"Chloe is a developer passionate about AI-powered applications. She has strong skills in both CrewAI and the Vercel AI SDK, which she has used to create personalized, data-driven user experiences. Chloe is looking to work on cutting-edge projects where she can continue to grow her skills and contribute to innovative solutions.","React, Next.js, JavaScript, Vercel AI SDK, CrewAI, REST APIs, CSS"
18,Luke Roberts,lukeroberts@example.com,"Luke is a junior developer focused on building user-friendly React applications with clean, efficient code. He has a strong understanding of front-end fundamentals and is eager to continue building his skills in more advanced technologies, such as Next.js and AI integrations.","React, JavaScript, CSS, HTML"
19,Emma Mitchell,emmamitchell@example.com,"Emma is a web developer with strong skills in integrating AI solutions into front-end projects. She has experience working with both the Vercel AI SDK and CrewAI and enjoys creating applications that provide a seamless user experience. Emma is looking to join a team where she can contribute her technical skills and continue to grow as a developer.","React, Next.js, JavaScript, Vercel AI SDK, CrewAI, REST APIs"
20,Henry Garcia,henrygarcia@example.com,"Henry is a recent graduate with a focus on AI-powered web applications. He has completed several projects, including a Next.js app that leverages the Vercel AI SDK for personalized recommendations. Henry is passionate about applying AI to solve real-world problems and is eager to join a team that shares his enthusiasm.","React, JavaScript, Vercel AI SDK, CrewAI, Next.js, Git"
21,Grace Hill,gracehill@example.com,"Grace is a junior developer with a strong foundation in web development and a growing interest in AI technologies. She has built multiple personal projects using React and JavaScript, including a weather app and a blog site. Grace is eager to join a team where she can expand her knowledge of Next.js and AI-driven solutions.","React, JavaScript, CSS, HTML, Git"
22,David Foster,davidfoster@example.com,"David is a mid-level React developer with experience in building responsive web applications using Next.js. He has worked on several eCommerce projects and is proficient in modern front-end technologies. David has recently started exploring AI integrations using the Vercel AI SDK and is looking for a role where he can apply these skills.","React, Next.js, JavaScript, CSS, HTML, Git"
23,Isabella Russell,isabellarussell@example.com,"Isabella is an entry-level developer with basic React knowledge and a passion for learning new technologies. She has completed several online courses and built personal projects focused on improving her front-end development skills. Isabella is looking for an opportunity to gain hands-on experience and contribute to a real-world project.","React, CSS, HTML, JavaScript"
24,Ethan Reed,ethanreed@example.com,"Ethan is a self-taught web developer with experience in full-stack development and AI-driven solutions. He has built several web applications using React, Next.js, and the Vercel AI SDK. Ethan enjoys tackling complex problems and is excited to continue working on AI-powered projects that enhance user experience.","React, Next.js, JavaScript, CrewAI, Vercel AI SDK, REST APIs"
25,Abigail Ward,abigailward@example.com,"Abigail is an intermediate developer with strong React skills and experience in integrating AI into web applications. She has worked on projects that leverage the Vercel AI SDK to deliver personalized content to users. Abigail is passionate about user experience and enjoys building applications that are both functional and visually appealing.","React, Next.js, JavaScript, Vercel AI SDK, CSS, Git"
26,Aiden Bailey,aidenbailey@example.com,"Aiden is an experienced full-stack developer with a focus on front-end technologies and AI-powered tools. He has led several projects that use CrewAI and the Vercel AI SDK to provide advanced AI-driven features. Aiden is excited to join a team where he can continue building innovative solutions and mentor junior developers.","React, Next.js, JavaScript, CrewAI, Vercel AI SDK, REST APIs"
27,Lily King,lilyking@example.com,"Lily is a junior developer with a solid understanding of React. She has worked on a few personal projects, including a to-do list app and a portfolio website. Lily is eager to contribute to AI-driven projects and is currently learning Next.js to improve her front-end development skills.","React, JavaScript, CSS, HTML, Git"
28,Benjamin Turner,benjaminturner@example.com,"Benjamin is a front-end developer with experience in modern web technologies and AI integrations. He has contributed to several projects that use the Vercel AI SDK and CrewAI to provide personalized user experiences. Benjamin is passionate about building scalable web applications and improving his skills in AI-powered solutions.","React, Next.js, Vercel AI SDK, CrewAI, JavaScript, CSS"
29,Zoe Barnes,zoebarnes@example.com,"Zoe is a junior developer looking to grow her skills in React and AI-driven web applications. She has built several personal projects and is constantly learning new technologies to improve her code. Zoe is excited to work on real-world projects where she can continue developing her skills and gain experience in AI integrations.","React, CSS, HTML, JavaScript, Git"
30,Alexander Cook,alexandercook@example.com,"Alexander is an experienced developer specializing in building high-performance web applications using React and Next.js. He has worked on projects that leverage CrewAI and the Vercel AI SDK to enhance user engagement through personalized features. Alexander enjoys working in fast-paced environments and collaborating with teams to build innovative solutions.","React, Next.js, JavaScript, CrewAI, Vercel AI SDK, REST APIs"
